가격,제품명
"6,280","난이생생 계란 15개입 (왕란, 1020g)"
"8,780",파머스픽 가농 1+등급 25개입 특란
"6,980",백색란 30개입 대란
"4,280",파머스픽 1+ 등급란 10개입 특란
"8,480",오늘반찬은 신선한란 30알
"6,480",산야초 먹인 동물복지인증 유정란 15개입 (780g내외)
"8,980","[풀무원] 동물복지 유정란 15개입 (대란, 780g)"
"7,980","[풀무원] 신선가득 계란 15개입 (대란, 780g)"
"6,280",파머스픽 1등급란 15개입 특란
"6,480","동물복지 자유방목 유정란 10개입 (대란, 520g)"
"14,800",동물복지 자유방목 유정란 25개입 대란
"7,480","[피코크] 1+등급 더 노란 통통란 15개입 (특란, 900g)"
"6,280",파머스픽 1등급 목초먹인계란 15개입 대란
"8,480",동물복지 백색유정란 15개입 대란
"6,280",난이생생 15개입(1020g) 왕란
"3,480",파머스픽 1등급 6개입 특란
"11,800","동물복지 유정란 25개입 (대란, 1300g)"
"9,680","우리집 신선계란 30개입 특란 1,800g"
"6,280",파머스픽 1등급 의성마늘계란 15개입 대란
"6,480",동물복지계란 15알
"4,980",피코크 더노란 통통란10구 특란
"8,980",동물복지 유정란 15개입 (특란)
"6,280",짜지않은반숙란8입
"9,786",무항생제 신선계란 30입
"7,984",어린닭이 낳은 무항생제 햇달걀 25구(875g)
"6,480",동물복지 토종닭이 낳은 유정란(10개입)
"10,384",[1번사육]동물복지 자유방목 무항생제 신선유정란 15입
"6,980",상하 노른자가 진한 1+등급란 15개입
"8,680","우리집 신선계란 30개입 대란 1,560g"
"3,980",우리집 신선계란 10개입 특란 600g
"6,780","1등급 우리집 신선계란 20개입 대란 1,040g"
"6,480","우리집 신선계란 15개입 왕란 1,020g"
"6,280",파머스픽 1등급 청국장먹인계란 15개입 대
"7,980",1등급 신선가득달걀_대란 780g(15개입)
"6,732",조인 강남농장 동물복지 백색유정란 15구
"9,980",우리집 신선 하얀계란(30구/대란)
"11,186",무항생제 목초먹인 신선 영양란 30구
"8,800",SSG 동물복지유정란 20구
"12,784",[1번사육]동물복지 자유방목 무항생제 신선유정란 햇달걀 20입
"5,980",하얀계란 15개입 대란
"8,480",어린닭이 낳은 계란 30개입
"8,982",조인 강남농장 동물복지 백색유정란 20구
"9,980",행복한 동물복지유정란 15구 780g
"9,584",유황먹인 무항생제 달걀 25구(1300g)
"5,980",1등급계란 15구(780g)
"7,380",동물복지 유정 청란 10개입
"1,380",바로먹는 삶은메추리알(10알)
"9,980",목초란15구 780g
"5,980",1+등급 신선한란 15알(특란)
"7,980",무항생제 인증란 20구 대란
"8,480",동물복지 유정란 15개입 대란
"11,980",조인 누테이블 갈색 구운란 30구
"6,980",[1번사육]동물복지 자유방목 무항생제  신선유정란 10입
"7,184",지리산 산골 어린닭이 낳은 신선햇달걀 20입
"11,800",동물복지 산골 유정란 25입
"10,784","[하림]무항생제 영양란 25개입(1,300g)"
"9,980",영양란 30개입 특란
"3,980",1등급란 10개입 특란
"7,380",오골계 유정란10구
"8,480",동물복지 산골 유정란 햇달걀 20입
"5,980",동물복지 유정란 10개입 대란
"10,980",조인 누테이블 백색 반숙란 20구
"6,980",[1번사육]지리산 산골 1등급 111 동물복지 자유방목 신선유정란 10입
"9,980",상하농원 순갈색 동물복지 유정란 15구
"9,480",산골 목초먹인 신선계란 30입
"7,980",동물복지 유정란 (15구/780g)
"6,800",상하농원 순갈색 동물복지 유정란 10개입 (520g)
"7,480",상하농원 순갈색 동물복지 유정란 10구
"5,480",[2번사육]유기농 유정란 6구(312g)
"4,480",영양란 12개입 특란
"5,480",동물복지 유정란(10구/520g)
"6,880","신선한 계란 30개입 (특란, 1800g)"
"8,480",파머스픽 1등급란 의성마늘계란 25입/대란
"9,980","동물복지목초란25구_1,300g"
"8,980",무항생제 1등급 신선란 25구_1300g
"3,280",조인 순수백색 신선햇달걀 10구
"9,786",★올가닉 계란 상품 모음★
"7,984",[올가닉] 계란 할인행사 (햇달걀/유정란/영양란 등)
"9,786",건강하게 키웠습니다. 무항생제/동물복지 계란
"12,784",무항생제 동물복지 계란 할인행사 (영양란/유정란/햇달걀 등)
